{"type":"RNNTimeStep","options":{"inputSize":1,"inputRange":0,"hiddenLayers":[20],"outputSize":1,"decayRate":0.999,"smoothEps":1e-8,"regc":0.000001,"clipval":5,"maxPredictionLength":100,"dataFormatter":{"indexTable":{},"characterTable":{},"characters":[],"specialIndexes":[]}},"hiddenLayers":[{"weight":{"rows":20,"columns":1,"weights":[-9.780128096270602e-12,-1.7930187499667904e-12,-4.170124803196812e-13,-2.114104030725983e-12,-4.444656448443496e-12,-0.06411007791757584,-9.726845197344236e-12,-5.182234849576695e-13,-4.355885444007335e-11,-1.4818836435726013e-10,-4.195168171183816e-11,-3.7005001927298276e-13,-3.0966219172201548e-12,-3.946417574240274e-13,-4.168033106155544e-12,-4.4198114135599043e-13,31.827701568603516,-2.9510166012214345e-12,-8.503990697392161e-13,7.940934096950514e-7]},"transition":{"rows":20,"columns":20,"weights":[-8.510604872745409e-14,-3.763487188990916e-13,8.597923127585602e-15,-9.445157668681349e-15,-2.8394420061722547e-12,-1.5931895559762044e-12,-1.2814600183937153e-13,7.848663532246045e-14,-2.908602991704562e-13,-8.349970020971043e-13,5.61244518741677e-13,1.4181815884671285e-14,-1.06357021171892e-13,-1.0616121425954111e-13,-4.933929783831892e-13,-5.352517067807108e-14,-1.1522615544004577e-12,1.8629832919392353e-12,-1.755767691913985e-15,-8.529350186206597e-13,-3.236404471241433e-13,-1.2075504485231647e-10,1.0565753458778582e-13,1.720866525179495e-14,-9.28403675552053e-14,-4.30350763705456e-12,-1.0235092802587595e-13,-5.5234679677274023e-14,-8.882817441671631e-13,3.045412663368885e-12,-1.992527948462431e-14,-4.930374684908312e-13,-1.35576688764516e-11,6.382617191896583e-16,-2.313212826583061e-13,-3.815363349151009e-14,-7.301338006415747e-11,-4.245650597582695e-13,3.7650048687444884e-14,-1.6586280688745542e-13,-3.1700984610798233e-13,-2.3746729951347467e-13,-1.0183633179349644e-13,-3.33959680113953e-14,-3.397992065674871e-13,-2.019276359552127e-15,-9.287676286688293e-14,-2.930724849544049e-14,-8.834990031236778e-13,-4.2532486864074737e-13,-4.594980537557525e-13,-3.495516322140485e-13,-2.800483369508333e-13,6.471904988921556e-14,-6.922238932234592e-13,5.075277763159913e-14,-2.787627442248086e-13,-3.886095546919155e-13,-1.0746091516633527e-13,-1.772120454936535e-13,1.4896665444154994e-13,-3.2907598087467127e-12,-8.24971398160658e-14,-1.4795569283632126e-12,-9.758459231651306e-14,-3.4315922499417173e-12,-2.1288507523649358e-13,5.26040325123274e-14,-4.96363909176234e-13,-1.6998904454196273e-12,-5.940302503365524e-13,3.1038263322361037e-13,-6.923850598763992e-13,2.2650918006473716e-14,-2.3750340344581844e-13,1.0170480451744679e-13,-8.93279374081235e-13,-6.721888128578823e-13,2.2981309983813834e-14,-7.132704800058565e-13,-4.657885947605134e-13,-9.094113672834456e-14,1.0739059110292243e-13,-2.508661884454387e-14,-3.6482712684193785e-11,-5.0127912237796224e-11,5.08205511094012e-13,5.729826200095642e-14,-1.2116778934367911e-12,-7.554713798985091e-12,1.9961944423829703e-12,8.145404245844465e-14,-5.5596569015214925e-11,-5.479147409219454e-13,5.0738575667341745e-12,-8.272629949774776e-14,-2.985390580578784e-12,-5.2268120387388706e-11,6.712550437368292e-14,-1.0411855405623172e-11,-3.9212445681995056e-13,-1.2923298542411032e-10,8.250536620004953e-14,-4.4677645914467656e-13,1.235907296642802e-11,-0.26525044441223145,-3.8432072194810596e-13,1.083599491602874e-13,2.0862404685739744e-12,-2.378040906553247e-12,-1.3272181747722711e-12,-1.635451892184961e-14,-1.500435366230679e-11,-8.287833852364812e-14,-2.865117865180622e-12,7.692713247008445e-14,-0.074663907289505,-5.4253238186696695e-12,-1.0104966688439295e-14,-8.551261920786146e-10,9.202241833122793e-14,-1.4525580987589243e-13,2.2256212511514474e-14,-8.596028484289184e-14,-3.731142456629699e-13,-4.5413122047588406e-12,-1.1507088955742956e-13,1.076521413245074e-13,-3.822089671666473e-13,-1.5542853462613415e-12,-1.7842569869502833e-12,1.5965694207236564e-13,-7.6547850089842e-13,3.102686022601192e-13,-1.475863431032315e-13,-7.313174724002738e-14,-2.519702925040529e-13,-5.410909350786475e-13,3.497244540403427e-14,-8.126252492093866e-13,-4.92882536000383e-13,-2.7185862610558387e-13,4.969684941889298e-14,9.074541790742019e-15,-3.9018544254962317e-13,-5.0862922407928293e-14,1.37755085794335e-14,-4.590487603754745e-14,-9.183731791533034e-14,-9.194882810877048e-14,-3.8715048961829313e-13,-3.4623058543445384e-13,-2.598664556111019e-13,-4.322107924922651e-14,-5.964579416310734e-13,-1.1772125310828942e-15,-8.012603167767418e-13,-3.2120375695159076e-13,9.123334954262013e-14,-1.9833777903464217e-13,6.275574135870821e-13,-6.828451649606992e-14,-1.0585088849272145e-13,-2.1148096904862086e-14,1.4981181442955127e-12,-1.065639521069528e-10,5.189454009742189e-13,3.6372638299690674e-14,-9.374051014587881e-12,3.6673303283052405e-12,-8.951189095496304e-11,8.340406138082276e-14,-4.643194856379651e-11,5.612077642880298e-13,2.4274660515195834e-13,5.671163069861061e-14,-3.01801118818279e-11,9.291315113124643e-12,5.364987967770851e-13,-5.527909808502804e-14,-2.942596253469043e-13,-1.1391437272634253e-11,-1.988313620736662e-14,-2.2143029597410102e-13,-8.172304521471274e-13,-1.7150252572262215e-12,-3.6423548367952446e-14,-7.207204126037647e-14,-1.151209162719713e-11,-1.9497368129728354e-12,1.6948652550863308e-11,4.885991242674359e-13,-8.584201058314811e-12,4.840079075377202e-13,8.555673530752372e-13,-3.098876474980257e-14,-9.982790288853849e-11,-2.1757880219741565e-11,3.914896022378517e-13,-4.606508859257563e-13,4.1565014640863526e-14,-3.343491797444184e-14,7.831039825932293e-15,4.391249191527946e-13,-2.2282126144190784e-10,-1.4618976862390554e-10,5.616425293591965e-13,-2.3161748330369734e-14,-2.0257002997757512e-13,-2.616309113800952e-10,-4.1269444459035576e-12,-6.879310218265572e-15,-5.919326140357839e-11,5.162972913780317e-13,-7.35343470142924e-12,5.2958403992404285e-14,-9.407989795193195e-13,-4.024433564175922e-11,3.5940120237526463e-13,-1.8802478020732427e-13,-3.871602203327912e-13,-4.717974600408625e-13,7.36450153247456e-14,-5.926125746808647e-14,1.481566503866178e-14,-3.9410484424518e-12,-5.459239831029361e-14,3.6528566900884823e-14,-6.562177559156501e-13,-4.3699684712864006e-13,-6.379246360755514e-14,-3.5969130777156744e-13,-4.273973210934534e-13,6.14709021531934e-14,-2.750981408818076e-13,1.0259941361128247e-13,-3.5268110046976497e-13,-4.3589367141813606e-13,-5.145467995367088e-14,-3.5298367419105137e-13,4.5124704483017614e-14,-3.487782979094689e-13,-1.8588953296707353e-15,-2.0546578490248518e-13,-3.0046726825355696e-12,-2.6798632757341068e-11,3.682696508855443e-13,-9.63942874089227e-14,-2.580560938547638e-11,3.119356769415438e-12,-7.18161771370851e-12,4.3982357903274427e-13,1.83358501992803e-11,-1.407289405451137e-13,6.815688421632493e-13,7.49267184754765e-14,-5.875559235110281e-15,-3.2261344203726727e-12,-3.8056412405076956e-13,-7.035000360033905e-11,-3.863447376687562e-13,-2.9386269893155736e-13,-1.0673976740866896e-15,9.95172978854493e-14,-1.590961994850197e-14,-7.506619430870318e-14,-1.0537961291339631e-13,-1.4700534626405082e-14,-2.519131008394543e-13,-4.5147270795985184e-13,-5.115692483341483e-13,-3.9575401332772597e-13,-6.287143657253413e-13,-5.413457225891816e-13,-2.009310686584831e-13,-6.805923283715459e-14,-4.0029600727881087e-13,-3.29226636187549e-13,2.9678411556663745e-14,-7.065944102610869e-14,4.084097426568234e-13,-3.2931775795913554e-12,7.31046557382424e-14,-1.2677211439892505e-13,-7.330111344294732e-12,-1.5414509946243271e-12,4.609478082432186e-14,-7.011088216067607e-14,-1.978888624146191e-12,-1.2950789529328488e-12,6.948014754683263e-13,3.5073734281493296e-13,-5.167969784752868e-12,-4.725281580950091e-13,-3.0825893053421094e-12,9.087515624988524e-14,-1.384297949706681e-12,-2.6226180515481756e-12,-4.717566398290685e-13,-1.1098257729491579e-12,-4.842952753235374e-13,-2.831832424804448e-12,9.793911287438867e-14,-5.92371542985394e-14,-3.515152578736913e-13,-8.356236167426923e-14,-7.067188902230154e-15,-6.815003476910025e-14,-2.842614449491583e-14,-5.382017531294081e-13,-3.7708085352111675e-13,